date,time,lat,lng,species,adults,calves,total,location
2008-09-17,06:17,-16.235383,122.972483,HB,1,0,1,Entry to Camden Sound
2008-09-17,06:29,-16.205383,123.0083,HB,4,0,4,Entry to Camden Sound
2008-09-17,07:05,-16.1751,123.0445,HB,1,1,2,Entry to Camden Sound
2008-09-17,07:10,-16.164283,123.059,HB,3,0,3,Entry to Camden Sound
2008-09-17,08:05,-16.050467,123.1953,Unknown,0,0,0,Entry to Camden Sound
2008-09-17,08:14,-16.026317,123.226283,HB,1,0,1,Entry to Camden Sound
2008-09-17,08:19,-16.008383,123.24995,HB,1,1,2,Entry to Camden Sound
2008-09-17,08:25,-15.9922,123.271567,Unknown,0,0,0,Entry to Camden Sound
2008-09-17,09:11,-15.984,123.335917,HB,1,1,2,Entry to Camden Sound
2008-09-17,09:18,-15.978367,123.372417,HB,1,0,1,Entry to Camden Sound
2008-09-17,09:25,-15.972383,123.41615,HB,1,0,1,Entry to Camden Sound
2008-09-17,09:30,-15.969983,123.471833,HB,1,1,2,Entry to Camden Sound
2008-09-17,10:03,-15.967317,123.483283,HB,1,0,1,Entry to Camden Sound
2008-09-17,10:05,-15.965983,123.499317,HB,1,1,2,Entry to Camden Sound
2008-09-17,10:08,-15.964783,123.5103,HB,1,1,2,Entry to Camden Sound
2008-09-17,10:11,-15.96325,123.5291,HB,3,0,3,Entry to Camden Sound
2008-09-17,10:18,-15.963633,123.536667,HB,6,0,6,Entry to Camden Sound
2008-09-17,10:26,-15.985633,123.616883,HB,2,0,2,Entry to Camden Sound
2008-09-17,11:18,-16.019167,123.72575,HB,2,0,2,Entry to Camden Sound
2008-09-17,11:26,-16.017033,123.805217,HB,2,0,2,Entry to Camden Sound
2008-09-17,11:32,-16.0155,123.802717,HB,1,0,1,Entry to Camden Sound
2008-09-17,12:03,-16.014817,123.838117,HB,1,0,1,Entry to Camden Sound
2008-09-17,12:20,-16.021983,123.926667,HB,1,0,1,Entry to Camden Sound
2008-09-17,13:03,-16.031083,124.017967,HB,1,1,2,Entry to Camden Sound
2008-09-17,13:09,-16.034467,124.04845,HB,1,1,2,Entry to Camden Sound
2008-09-17,13:13,-16.038633,124.065967,HB,1,1,2,Entry to Camden Sound
2008-09-17,13:28,-16.14335,124.140433,HB,1,0,1,Entry to Camden Sound
2008-09-17,13:33,-16.062183,124.15425,HB,2,0,2,Entry to Camden Sound
2008-09-17,14:11,-16.070767,124.193867,HB,2,1,3,Entry to Camden Sound
2008-09-17,14:19,-16.0743,124.212733,HB,1,0,1,Entry to Camden Sound
2008-09-17,15:01,-16.0913,124.3036,HB,2,0,2,Entry to Camden Sound
2008-09-17,15:05,-16.092283,124.308867,HB,3,0,3,Entry to Camden Sound
2008-09-17,15:11,-16.094317,124.322433,HB,1,0,1,Montgomery Reef
2008-09-17,15:30,-16.085617,124.370783,HB,3,1,4,Montgomery Reef
2008-09-17,15:33,-16.083783,124.381733,HB,1,1,2,Montgomery Reef
2008-09-17,15:34,-16.082167,124.389967,HB,1,1,2,Montgomery Reef
2008-09-17,16:00,-16.0833,124.389983,HB,1,1,2,Montgomery Reef
2008-09-18,07:27,-16.072983,124.324583,HB,1,0,1,Montgomery Reef
2008-09-18,08:18,-16.075233,124.295317,HB,1,0,1,Montgomery Reef
2008-09-18,08:18,-16.075233,124.295317,HB,1,0,1,Montgomery Reef
2008-09-18,09:04,-16.076117,124.271,HB,1,1,2,Montgomery Reef
2008-09-18,09:24,-16.0764,124.2503,HB,2,0,2,Montgomery Reef
2008-09-18,09:24,-16.076417,124.249533,HB,1,0,1,Montgomery Reef
2008-09-18,10:28,-16.03675,124.235483,HB,1,0,1,Montgomery Reef
2008-09-18,11:04,-16.035183,124.2416,HB,1,0,1,Montgomery Reef
2008-09-18,11:09,-16.0457,124.251617,Unknown,0,0,0,Collier Bay
2008-09-18,11:14,-16.0734,124.27835,HB,1,0,1,Collier Bay
2008-09-18,11:18,-16.0754,124.2931,HB,1,1,2,Collier Bay
2008-09-18,12:05,-15.999133,124.376483,HB,1,0,1,Collier Bay
2008-09-18,12:26,-15.92355,124.377833,HB,1,0,1,Collier Bay
2008-09-18,12:29,-15.912467,124.3775,HB,1,1,2,Collier Bay
2008-09-18,13:09,-15.843567,124.374867,HB,1,1,2,Collier Bay
2008-09-18,13:33,-15.77915,124.366717,HB,2,0,2,Collier Bay
2008-09-19,06:18,-15.697683,124.333867,HB,1,0,1,Hall Point (Camden Sound)
2008-09-19,07:02,-15.7439,124.292617,HB,1,1,2,Hall Point (Camden Sound)
2008-09-19,07:17,-15.792533,124.24785,HB,1,1,2,Hall Point (Camden Sound)
2008-09-19,08:16,-15.833517,124.19045,HB,1,0,1,Hall Point (Camden Sound)
2008-09-19,09:19,-15.833183,124.12855,HB,1,1,2,Hall Point (Camden Sound)
2008-09-19,10:15,-15.83545,124.0707,HB,1,0,1,Hall Point (Camden Sound)
2008-09-19,13:07,-15.830517,124.135067,HB,1,1,2,Hall Point (Camden Sound)
2008-09-19,13:19,-15.7985,124.15185,HB,1,1,2,Montgomery Reef/Camden Sound
2008-09-19,14:21,-15.706083,124.3021,HB,1,1,2,Montgomery Reef/Camden Sound
2008-09-19,14:24,-15.701883,124.312167,HB,2,0,2,Montgomery Reef/Camden Sound
2008-09-19,15:16,-15.629133,124.37785,HB,1,1,2,Montgomery Reef/Camden Sound
2008-09-20,06:03,-15.675033,124.252533,HB,1,0,1,Transit Hall Point to Cape Leveque
2008-09-20,06:12,-15.682217,124.213467,HB,1,0,1,Transit Hall Point to Cape Leveque
2008-09-20,06:15,-15.685017,124.19885,HB,1,0,1,Transit Hall Point to Cape Leveque
2008-09-20,06:28,-15.696583,124.139967,Unknown,0,0,0,Transit Hall Point to Cape Leveque
2008-09-20,07:17,-15.750517,124.0517,HB,1,1,2,Transit Hall Point to Cape Leveque
2008-09-20,07:17,-15.750517,124.0517,HB,1,0,1,Transit Hall Point to Cape Leveque
2008-09-20,07:18,-15.719117,124.045,HB,1,1,2,Transit Hall Point to Cape Leveque
2008-09-20,07:22,-15.724,124.02835,HB,1,0,1,Transit Hall Point to Cape Leveque
2008-09-20,08:01,-15.741983,123.967267,HB,1,1,2,Transit Hall Point to Cape Leveque
2008-09-20,08:03,-15.744383,123.959283,HB,1,1,2,Transit Hall Point to Cape Leveque
2008-09-20,08:07,-15.749333,123.940767,HB,1,1,2,Transit Hall Point to Cape Leveque
2008-09-20,08:09,-15.750817,123.969967,HB,1,0,1,Transit Hall Point to Cape Leveque
2008-09-20,08:09,-15.750817,123.969967,HB,1,1,2,Transit Hall Point to Cape Leveque
2008-09-20,08:11,-15.755383,123.921933,HB,1,0,1,Transit Hall Point to Cape Leveque
2008-09-20,08:16,-15.7614,123.902667,HB,1,1,2,Transit Hall Point to Cape Leveque
2008-09-20,08:20,-15.764683,123.884667,HB,1,0,1,Transit Hall Point to Cape Leveque
2008-09-20,08:23,-15.769733,123.872517,HB,1,0,1,Transit to Cape Leveque
2008-09-20,08:26,-15.774033,123.858583,HB,1,0,1,Transit to Cape Leveque
2008-09-20,09:05,-15.789533,123.79755,HB,2,0,2,Transit to Cape Leveque
2008-09-20,09:16,-15.800333,123.762617,HB,1,0,1,Transit to Cape Leveque
2008-09-20,10:09,-15.8342,123.386783,HB,1,0,1,Transit to Cape Leveque
2008-09-20,10:22,-15.840117,123.622217,HB,1,0,1,Transit to Cape Leveque
2008-09-20,10:24,-15.849983,123.609133,HB,1,0,1,Transit to Cape Leveque
2008-09-20,10:25,-15.851683,123.60535,HB,1,1,2,Transit to Cape Leveque
2008-09-20,11:05,-15.87855,123.541433,HB,2,0,2,Transit to Cape Leveque
2008-09-20,11:11,-15.888583,123.517317,HB,1,1,2,Transit to Cape Leveque
2008-09-20,11:13,-15.891383,123.5112,HB,1,0,1,Transit to Cape Leveque
2008-09-20,11:16,-15.896133,123.499967,HB,1,1,2,Transit to Cape Leveque
2008-09-20,11:22,-15.90675,123.491467,HB,1,0,1,Transit to Cape Leveque
2008-09-20,11:28,-15.91485,123.457,HB,1,0,1,Transit to Cape Leveque
2008-09-20,11:29,-15.919883,123.479767,HB,2,0,2,Transit to Cape Leveque
2008-09-20,11:34,-15.928633,123.42475,HB,1,0,1,Transit to Cape Leveque
2008-09-20,12:04,-15.9422,123.3917,HB,1,0,1,Transit to Cape Leveque
2008-09-20,12:18,-15.956083,123.360033,HB,1,0,1,Transit to Cape Leveque
2008-09-20,12:26,-15.968483,123.32785,HB,2,0,2,Transit to Cape Leveque
2008-09-20,12:29,-15.97235,123.167833,HB,1,0,1,Transit to Cape Leveque
2008-09-20,12:33,-15.97835,123.319683,HB,2,1,3,Transit to Cape Leveque
2008-09-20,13:18,-16.014767,123.242183,HB,1,0,1,Transit to Cape Leveque
2008-09-20,14:22,-16.147317,123.12555,HB,2,0,2,Transit to Cape Leveque
2008-09-20,14:24,-16.119667,123.118967,HB,1,0,1,Transit to Cape Leveque
2008-09-20,15:11,-16.190783,123.038033,HB,1,0,1,Transit to Cape Leveque
2008-09-20,15:18,-16.389467,122.948817,HB,1,0,1,Transit to Cape Leveque
2008-09-20,15:25,-16.231633,122.98945,HB,2,0,2,Transit to Cape Leveque
2008-09-20,15:28,-16.24665,122.970867,HB,4,1,5,Transit to Cape Leveque
2008-09-20,16:29,-16.372883,122.94275,HB,4,0,4,Transit to Cape Leveque
2008-09-20,16:31,-16.387683,122.949017,HB,4,3,7,Transit to Cape Leveque
2008-09-20,16:34,-16.38785,122.949017,HB,2,2,4,Transit to Cape Leveque
2008-09-21,06:30,-16.4265,122.876483,HB,1,0,1,Cape Leveque South
2008-09-21,07:00,-16.4812,122.842483,HB,1,0,1,Cape Leveque South
2008-09-21,08:01,-16.516233,122.7839,HB,1,1,2,Cape Leveque South
2008-09-21,08:04,-16.51805,122.768517,HB,1,0,1,Cape Leveque South
2008-09-21,08:11,-16.52415,122.763867,HB,1,0,1,Cape Leveque South
2008-09-21,08:15,-16.5377,122.767333,HB,3,0,3,Cape Leveque South
2008-09-21,08:17,-16.546667,122.769183,HB,2,0,2,Cape Leveque South
2008-09-21,08:24,-16.550717,122.72315,HB,1,0,1,Cape Leveque South
2008-09-21,08:24,-16.550933,122.753917,HB,1,1,2,Cape Leveque South
2008-09-21,08:31,-16.553717,122.392333,HB,1,0,1,Cape Leveque South
2008-09-21,08:32,-16.553717,122.7239,HB,1,0,1,Cape Leveque South
2008-09-21,09:00,-16.556217,122.722033,HB,1,0,1,Cape Leveque South
2008-09-21,09:03,-16.569867,122.723867,HB,1,0,1,Cape Leveque South
2008-09-21,09:05,-16.577067,122.72485,HB,1,0,1,Cape Leveque South
2008-09-21,09:10,-16.593433,122.726617,HB,1,0,1,Cape Leveque South
2008-09-21,09:18,-16.598017,122.719333,HB,3,0,3,Cape Leveque South
2008-09-21,09:20,-16.5978,122.704967,HB,5,0,5,Cape Leveque South
2008-09-21,09:22,-16.5978,122.6875,HB,3,0,3,Cape Leveque South
2008-09-21,09:28,-16.593983,122.686783,HB,1,0,1,Cape Leveque South
2008-09-21,09:33,-16.59835,122.686333,HB,1,1,2,Cape Leveque South
2008-09-21,10:00,-16.607333,122.683833,HB,2,0,2,Cape Leveque South
2008-09-21,10:01,-16.61515,122.681467,HB,1,0,1,Cape Leveque South
2008-09-21,10:06,-16.62205,122.67665,HB,1,0,1,Cape Leveque South
2008-09-21,10:14,-16.635383,122.658583,HB,1,0,1,Cape Leveque South
2008-09-21,10:15,-16.6368,122.651783,HB,1,0,1,Cape Leveque South
2008-09-21,10:16,-16.637967,122.648133,HB,2,0,2,Cape Leveque South
2008-09-21,10:18,-16.639,122.6443,HB,3,0,3,Cape Leveque South
2008-09-21,10:19,-16.640117,122.557267,HB,1,0,1,Cape Leveque South
2008-09-21,10:20,-16.641533,122.638367,HB,1,0,1,Cape Leveque South
2008-09-21,10:22,-16.64145,122.63495,HB,1,0,1,Cape Leveque South
2008-09-21,10:24,-16.64415,122.63825,HB,1,0,1,Cape Leveque South
2008-09-21,10:24,-16.646467,122.637917,HB,1,0,1,Cape Leveque South
2008-09-21,10:26,-16.656467,122.6364,HB,1,0,1,Cape Leveque South
2008-09-21,10:28,-16.6647,122.635517,HB,1,0,1,Cape Leveque South
2008-09-21,10:30,-16.6694,122.634767,HB,1,0,1,Cape Leveque South
2008-09-21,11:01,-16.676467,122.6289,HB,1,0,1,Cape Leveque South
2008-09-21,11:04,-16.676983,122.61725,HB,1,0,1,Cape Leveque South
2008-09-21,11:11,-16.678367,122.647867,HB,1,0,1,Cape Leveque South
2008-09-21,11:20,-16.716917,122.604783,HB,2,1,3,Cape Leveque South
2008-09-21,11:33,-16.7206,122.589817,HB,2,0,2,Cape Leveque South
2008-09-21,11:33,-16.756733,122.566417,HB,3,2,5,Approaching Beagle Bay
2008-09-21,12:31,-16.781867,122.5425,Unknown,0,0,0,Approaching Beagle Bay
2008-09-22,10:00,-17.695367,122.14065,Unknown,0,0,0,Approaching Beagle Bay
2008-09-22,10:06,-17.697167,122.139617,Unknown,0,0,0,Approaching Beagle Bay
2008-09-22,10:11,-17.716117,122.1456,HB,1,3,4,Approaching Beagle Bay
2008-09-22,10:13,-17.72185,122.147333,HB,0,1,1,Approaching Beagle Bay
2008-09-22,11:11,-17.868983,122.15055,HB,0,1,1,Approaching Beagle Bay
2009-08-28,14:31,-17.691667,122.139533,HB,1,0,1,Broome - Pender Bay
2009-08-28,15:08,-17.582033,122.126233,HB,1,0,1,Broome - Pender Bay
2009-08-28,15:14,-17.541183,122.1194,HB,1,0,1,Broome - Pender Bay
2009-08-28,15:16,-17.527183,122.1194,HB,1,0,1,Broome - Pender Bay
2009-08-28,15:19,-17.49785,122.114767,HB,1,0,1,Broome - Pender Bay
2009-08-28,15:20,-17.489217,122.113867,HB,2,1,3,Broome - Pender Bay
2009-08-28,15:24,-17.466233,122.11165,HB,2,1,3,Broome - Pender Bay
2009-08-28,15:26,-17.448517,122.109433,HB,1,0,1,Broome - Pender Bay
2009-08-28,15:26,-17.423467,122.106733,HB,2,0,2,Broome - Pender Bay
2009-08-28,15:30,-17.41115,122.105783,HB,3,0,3,Broome - Pender Bay
2009-08-28,15:33,-17.38485,122.103183,HB,2,0,2,Broome - Pender Bay
2009-08-28,15:34,-17.366117,122.101117,HB,1,0,1,Broome - Pender Bay
2009-08-28,16:03,-17.3463,122.098733,HB,2,0,2,Broome - Pender Bay
2009-08-28,16:06,-17.326067,122.098333,HB,1,0,1,Broome - Pender Bay
2009-08-28,16:10,-17.286817,122.1058,HB,1,0,1,Broome - Pender Bay
2009-08-28,16:13,-17.261817,122.11385,HB,1,0,1,Broome - Pender Bay
2009-08-28,16:14,-17.2556,122.116433,HB,1,0,1,Broome - Pender Bay
2009-08-28,16:18,-17.2361,122.12345,HB,1,0,1,Broome - Pender Bay
2009-08-28,16:25,-17.1732,122.133517,HB,1,0,1,Broome - Pender Bay
2009-08-28,16:25,-16.959117,122.32265,HB,1,0,1,Broome - Pender Bay
2009-08-28,16:27,-17.152667,122.13265,HB,1,0,1,Broome - Pender Bay
2009-08-28,16:30,-17.138467,122.13305,HB,1,0,1,Broome - Pender Bay
2009-08-28,16:33,-17.126483,122.1404,HB,2,0,2,Broome - Pender Bay
2009-08-28,16:34,-17.120667,122.1463,HB,1,0,1,Broome - Pender Bay
2009-08-28,17:01,-17.089633,122.171317,HB,3,0,3,Broome - Pender Bay
2009-08-28,17:04,-17.07065,122.186267,HB,2,0,2,Broome - Pender Bay
2009-08-28,17:06,-17.060133,122.195,HB,2,0,2,Broome - Pender Bay
2009-08-28,17:07,-17.053533,122.200717,HB,3,0,3,Broome - Pender Bay
2009-08-28,17:08,-17.047833,122.205017,HB,3,0,3,Broome - Pender Bay
2009-08-28,17:11,-17.027567,122.224883,HB,2,0,2,Broome - Pender Bay
2009-08-28,17:12,-17.022733,122.2315,HB,2,0,2,Broome - Pender Bay
2009-08-28,17:18,-16.989383,122.2787,HB,2,0,2,Broome - Pender Bay
2009-08-28,17:19,-16.98235,122.28935,HB,2,0,2,Broome - Pender Bay
2009-08-28,17:20,-16.976783,122.29775,HB,3,0,3,Broome - Pender Bay
2009-08-28,17:22,-16.972817,122.303233,HB,3,1,4,Broome - Pender Bay
2009-08-28,17:24,-16.966467,122.31715,HB,2,0,2,Broome - Pender Bay
2009-08-28,17:26,-16.953017,122.331567,HB,1,0,1,Broome - Pender Bay
2009-08-28,17:26,-16.947283,122.340183,HB,2,0,2,Broome - Pender Bay
2009-08-29,07:00,-16.7662,122.638767,HB,3,0,3,Pender Bay Raft Point
2009-08-29,07:01,-16.761317,122.6411,HB,2,1,3,Pender Bay Raft Point
2009-08-29,07:04,-16.752067,122.6451,HB,7,1,8,Pender Bay Raft Point
2009-08-29,07:06,-16.742633,122.64935,HB,4,0,4,Pender Bay Raft Point
2009-08-29,07:08,-16.73555,122.64935,HB,2,1,3,Pender Bay Raft Point
2009-08-29,07:12,-16.729917,122.655567,HB,4,0,4,Pender Bay Raft Point
2009-08-29,07:12,-16.726433,122.656817,HB,3,0,3,Pender Bay Raft Point
2009-08-29,07:13,-16.72205,122.658267,HB,4,0,4,Pender Bay Raft Point
2009-08-29,07:14,-16.71365,122.6621,HB,1,0,1,Pender Bay Raft Point
2009-08-29,07:15,-16.707967,122.6648,HB,5,0,5,Pender Bay Raft Point
2009-08-29,07:19,-16.6879,122.671233,HB,6,0,6,Pender Bay Raft Point
2009-08-29,07:19,-16.6838,122.675617,HB,3,0,3,Pender Bay Raft Point
2009-08-29,07:24,-16.657867,122.686733,HB,4,0,4,Pender Bay Raft Point
2009-08-29,07:25,-16.63005,122.700267,HB,14,3,17,Pender Bay Raft Point
2009-08-29,07:30,-16.625183,122.702067,HB,2,0,2,Pender Bay Raft Point
2009-08-29,07:33,-16.612233,122.707517,HB,4,0,4,Pender Bay Raft Point
2009-08-29,08:00,-16.599483,122.715367,HB,5,0,5,Pender Bay Raft Point
2009-08-29,08:03,-16.588933,122.721367,HB,2,1,3,Pender Bay Raft Point
2009-08-29,08:04,-16.579733,122.7268,HB,3,0,3,Pender Bay Raft Point
2009-08-29,08:05,-16.561983,122.73715,HB,3,0,3,Pender Bay Raft Point
2009-08-29,08:10,-16.540917,122.749617,HB,3,0,3,Pender Bay Raft Point
2009-08-29,08:14,-16.516583,122.7642,HB,3,0,3,Pender Bay Raft Point
2009-08-29,08:16,-16.506983,122.769733,HB,3,0,3,Pender Bay Raft Point
2009-08-29,08:18,-16.502083,122.7727,HB,2,0,2,Pender Bay Raft Point
2009-08-29,08:20,-16.4792,122.78625,HB,1,0,1,Pender Bay Raft Point
2009-08-29,08:24,-16.4566,122.79815,HB,1,0,1,Pender Bay Raft Point
2009-08-29,08:25,-16.4432,122.806017,HB,4,1,5,Pender Bay Raft Point
2009-08-29,08:32,-16.408417,122.82695,HB,2,0,2,Pender Bay Raft Point
2009-08-29,09:01,-16.382467,122.842067,HB,1,0,1,Pender Bay Raft Point
2009-08-29,09:07,-16.354133,122.859,HB,1,0,1,Pender Bay Raft Point
2009-08-29,09:10,-16.3324,122.871517,HB,4,0,4,Pender Bay Raft Point
2009-08-29,09:17,-16.303067,122.903733,HB,1,0,1,Pender Bay Raft Point
2009-08-29,09:28,-16.249683,122.96995,HB,2,0,2,Pender Bay Raft Point
2009-08-29,10:00,-16.207283,123.207283,HB,1,0,1,Pender Bay Raft Point
2009-08-29,10:28,-16.039617,123.22145,HB,1,0,1,Pender Bay Raft Point
2009-08-29,11:00,-16.028833,123.24045,HB,1,0,1,Pender Bay Raft Point
2009-08-29,11:04,-16.020083,123.280617,HB,1,0,1,Pender Bay Raft Point
2009-08-29,11:05,-16.018817,123.293867,HB,1,0,1,Pender Bay Raft Point
2009-08-29,11:16,-16.014083,123.394867,HB,2,0,2,Pender Bay Raft Point
2009-08-29,11:26,-16.006583,123.476483,HB,1,0,1,Pender Bay Raft Point
2009-08-29,11:28,-16.003783,123.504117,HB,2,0,2,Camden Sound - Raft Point
2009-08-29,12:03,-16.00595,123.57985,HB,2,0,2,Camden Sound - Raft Point
2009-08-29,12:10,-16.009483,123.639483,HB,2,0,2,Camden Sound - Raft Point
2009-08-29,12:20,-16.015283,123.740517,HB,2,0,2,Camden Sound - Raft Point
2009-08-29,12:28,-16.0184,123.793833,HB,1,0,1,Camden Sound - Raft Point
2009-08-29,13:15,-16.030433,123.993333,HB,2,0,2,Camden Sound - Raft Point
2009-08-29,13:24,-16.042017,124.285917,HB,1,0,1,Camden Sound - Raft Point
2009-08-29,14:18,-16.0772,124.285917,HB,1,1,2,Camden Sound - Raft Point
2009-08-30,06:35,-15.701117,124.362017,HB,1,0,1,Hall Point - Montgomery Reef
2009-08-30,07:01,-15.714817,124.361633,HB,1,1,2,Hall Point - Montgomery Reef
2009-08-30,07:05,-15.732967,124.360617,HB,1,1,2,Hall Point - Montgomery Reef
2009-08-30,07:08,-15.74715,124.360017,HB,1,1,2,Hall Point - Montgomery Reef
2009-08-30,07:12,-15.78695,124.35785,HB,2,2,4,Hall Point - Montgomery Reef
2009-08-30,07:13,-15.796617,124.35755,HB,2,2,4,Hall Point - Montgomery Reef
2009-08-30,07:16,-15.81645,124.35635,HB,1,0,1,Hall Point - Montgomery Reef
2009-08-30,07:17,-15.847983,124.354417,HB,1,1,2,Hall Point - Montgomery Reef
2009-08-30,07:25,-15.873717,124.352717,HB,1,0,1,Hall Point - Montgomery Reef
2009-08-30,07:27,-15.8912,124.344433,HB,1,0,1,Hall Point - Montgomery Reef
2009-09-01,11:26,-15.9806,124.342183,HB,3,2,5,Ract Point Montgomery Reef - One Arm Point
2009-09-01,11:30,-16.017283,124.342917,HB,2,1,3,Ract Point Montgomery Reef - One Arm Point
2009-09-01,11:33,-16.026717,124.32425,HB,1,1,2,Ract Point Montgomery Reef - One Arm Point
2009-09-01,12:00,-16.0331,124.30035,HB,1,0,1,Ract Point Montgomery Reef - One Arm Point
2009-09-01,12:01,-16.03435,124.292383,HB,1,0,1,Ract Point Montgomery Reef - One Arm Point
2009-09-01,12:07,-16.0445,124.231083,HB,1,1,2,Ract Point Montgomery Reef - One Arm Point
2009-09-01,12:24,-16.044117,124.07285,HB,1,0,1,Ract Point Montgomery Reef - One Arm Point
2009-09-01,13:03,-16.043517,123.931317,HB,1,1,2,Ract Point Montgomery Reef - One Arm Point
2009-09-01,13:17,-16.081617,123.7652,HB,2,1,3,Ract Point Montgomery Reef - One Arm Point
2009-09-01,13:21,-16.08935,123.750783,HB,1,1,2,Montgomery Reef - One Arm Point
2009-09-01,14:05,-16.135083,123.573167,HB,1,1,2,Montgomery Reef - One Arm Point
2009-09-01,14:35,-16.258367,123.379867,HB,1,0,1,Montgomery Reef - One Arm Point
2009-09-01,15:15,-16.370867,123.285083,HB,1,1,2,Montgomery Reef - One Arm Point
2009-09-01,16:00,-16.4597,123.1076,HB,1,0,1,Montgomery Reef - One Arm Point
2009-09-02,07:24,-16.470583,123.115317,HB,1,0,1,One Arm Point - Pender Bay
2009-09-02,07:27,-16.4595,123.1388,HB,1,1,2,One Arm Point - Pender Bay
2009-09-02,08:07,-16.40235,123.102667,HB,2,0,2,One Arm Point - Pender Bay
2009-09-02,08:19,-16.35105,123.102667,HB,1,0,1,One Arm Point - Pender Bay
2009-09-02,08:20,-16.341983,123.057533,HB,1,0,1,One Arm Point - Pender Bay
2009-09-02,08:22,-16.339617,123.059033,HB,1,0,1,One Arm Point - Pender Bay
2009-09-02,08:23,-16.339283,123.04605,HB,1,0,1,One Arm Point - Pender Bay
2009-09-02,08:29,-16.3466,123.006733,HB,3,1,4,One Arm Point - Pender Bay
2009-09-02,08:30,-16.349183,122.995033,HB,1,0,1,One Arm Point - Pender Bay
2009-09-02,08:31,-16.350767,122.988033,HB,2,1,3,One Arm Point - Pender Bay
2009-09-02,09:09,-16.346,122.984833,HB,2,1,3,Pender Bay
2009-09-02,09:17,-16.3339,122.996883,HB,1,0,1,Pender Bay
2009-09-02,09:19,-16.342233,122.970567,HB,1,1,2,Pender Bay
2009-09-02,09:22,-16.347017,122.970567,HB,1,0,1,Pender Bay
2009-09-02,09:23,-16.350933,122.962783,HB,1,0,1,Pender Bay
2009-09-02,09:26,-16.376333,122.915217,HB,10,2,12,Pender Bay
2009-09-02,10:12,-16.381783,122.910167,HB,2,1,3,Pender Bay
2009-09-02,10:18,-16.409367,122.885367,HB,1,0,1,Pender Bay
2009-09-02,10:28,-16.4594,122.840617,HB,1,1,2,Pender Bay
2009-09-02,10:29,-16.467217,122.833567,HB,2,1,3,Pender Bay
2009-09-02,11:00,-16.506283,122.816417,HB,5,3,8,One Arm Point - Pender Bay
2009-09-02,11:08,-16.512283,122.810383,HB,1,1,2,One Arm Point - Pender Bay
2009-09-02,11:09,-16.519083,122.8034,HB,2,1,3,One Arm Point - Pender Bay
2009-09-02,11:11,-16.5227,122.7995,HB,1,1,2,One Arm Point - Pender Bay
2009-09-02,11:13,-16.52965,122.792183,HB,2,1,3,One Arm Point - Pender Bay
2009-09-02,11:15,-16.53935,122.781883,HB,1,1,2,One Arm Point - Pender Bay
2009-09-02,11:16,-16.542117,122.779133,HB,2,0,2,One Arm Point - Pender Bay
2009-09-02,11:17,-16.546,122.77495,HB,1,1,2,One Arm Point - Pender Bay
2009-09-02,11:19,-16.561033,122.759767,HB,1,1,2,One Arm Point - Pender Bay
2009-09-02,11:19,-16.564333,122.756417,HB,2,1,3,One Arm Point - Pender Bay
2009-09-02,11:24,-16.594783,122.72475,HB,4,1,5,One Arm Point - Pender Bay
2009-09-02,13:04,-16.61125,122.711733,HB,2,0,2,One Arm Point - Pender Bay
2009-09-02,13:05,-16.617217,122.7091,HB,1,1,2,One Arm Point - Pender Bay
2009-09-02,13:10,-16.6373,122.69935,HB,1,0,1,One Arm Point - Pender Bay
2009-09-02,13:11,-16.642133,122.69705,HB,1,1,2,One Arm Point - Pender Bay
2009-09-02,13:17,-16.658467,122.6889,HB,2,1,3,One Arm Point - Pender Bay
2009-09-02,13:22,-16.6768,122.680633,HB,1,0,1,One Arm Point - Pender Bay
2009-09-02,13:26,-16.691233,122.6736,HB,1,0,1,One Arm Point - Pender Bay
2009-09-02,13:30,-16.700133,122.66915,HB,1,0,1,One Arm Point - Pender Bay
2009-09-02,13:31,-16.7076,122.665733,HB,1,1,2,One Arm Point - Pender Bay
2009-09-02,13:33,-16.71425,122.662233,HB,2,1,3,One Arm Point - Pender Bay (Two Moon)
2009-09-02,13:34,-16.71745,122.660783,HB,1,0,1,One Arm Point - Pender Bay (Two Moon)
2009-09-02,14:00,-16.721733,122.658633,HB,1,0,1,One Arm Point - Pender Bay (Two Moon)
2009-09-02,14:01,-16.726933,122.656283,HB,1,1,2,One Arm Point - Pender Bay (Two Moon)
2009-09-02,14:03,-16.7314,122.654017,HB,1,1,2,One Arm Point - Pender Bay (Two Moon)
2009-09-02,14:04,-16.7364,122.651533,HB,1,0,1,One Arm Point - Pender Bay (Two Moon)
2009-09-03,10:00,-16.759917,122.612817,HB,3,2,5,Pender Bay - Broome
2009-09-03,10:00,-16.757083,122.60845,HB,2,0,2,Pender Bay - Broome
2009-09-03,10:02,-16.754683,122.60385,HB,2,1,3,Pender Bay - Broome
2009-09-03,10:04,-16.75375,122.597817,HB,3,1,4,Pender Bay - Broome
2009-09-03,10:05,-16.7532,122.594883,HB,1,1,2,Pender Bay - Broome
2009-09-03,10:08,-16.756067,122.594883,HB,1,1,2,Pender Bay - Broome
2009-09-03,10:11,-16.76505,122.5611,HB,2,0,2,Pender Bay - Broome
2009-09-03,10:12,-16.775783,122.547367,HB,1,0,1,Pender Bay - Broome
2009-09-03,10:13,-16.78455,122.536133,HB,1,0,1,Pender Bay - Broome
2009-09-03,10:18,-16.791567,122.527533,HB,1,0,1,Pender Bay - Broome
2009-09-03,10:23,-16.817533,122.4943,HB,1,1,2,Pender Bay - Broome
2009-09-03,10:25,-16.82925,122.479833,HB,1,0,1,Pender Bay - Broome
2009-09-03,10:28,-16.843083,122.4621,HB,1,1,2,Pender Bay - Broome
2009-09-03,10:33,-16.861133,122.439133,HB,2,0,2,Pender Bay - Broome
2009-09-03,10:33,-16.864467,122.434783,HB,1,0,1,Pender Bay - Broome
2009-09-03,10:34,-16.871683,122.4263,HB,1,1,2,Pender Bay - Broome
2009-09-03,11:04,-16.900783,122.39115,HB,1,1,2,Pender Bay - Broome
2009-09-03,11:05,-16.906117,122.384217,HB,2,0,2,Pender Bay - Broome
2009-09-03,11:07,-16.913483,122.375133,HB,2,1,3,Pender Bay - Broome
2009-09-03,11:16,-16.953067,122.324833,HB,1,0,1,Pender Bay - Broome
2009-09-03,11:22,-16.981717,122.289833,HB,1,0,1,Pender Bay - Broome
2009-09-03,11:26,-16.999283,122.265567,0,0,0,0,Pender Bay - Broome
2009-09-03,11:28,-17.012783,122.24705,HB,1,0,1,Pender Bay - Broome
2009-09-03,11:30,-17.021783,122.236283,HB,1,1,2,Pender Bay - Broome
2009-09-03,11:33,-17.036133,122.22075,HB,1,0,1,Pender Bay - Broome
2009-09-03,11:35,-17.041667,122.216,HB,1,1,2,Pender Bay - Broome
2009-09-03,12:00,-17.0478,122.2106,HB,2,1,3,Pender Bay - Broome
2009-09-03,12:01,-17.061317,122.199117,HB,1,0,1,Pender Bay - Broome
2009-09-03,12:05,-17.0788,122.18425,HB,1,0,1,Pender Bay - Broome
2009-09-03,12:11,-17.124833,122.1457,HB,1,0,1,Pender Bay - Broome
2009-09-03,12:14,-17.137067,122.140683,HB,1,0,1,Pender Bay - Broome
2009-09-03,12:15,-17.143517,122.13955,HB,1,1,2,Pender Bay - Broome
2009-09-03,12:24,-17.213583,122.128033,HB,1,0,1,Pender Bay - Broome
2009-09-03,12:27,-17.235867,122.1225,HB,1,0,1,Pender Bay - Broome
2009-09-03,12:28,-17.235867,122.119817,HB,1,0,1,Pender Bay - Broome
2009-09-03,12:31,-17.265417,122.114833,0,0,0,0,Pender Bay - Broome
2009-09-03,12:33,-17.2733,122.112617,HB,1,1,2,Pender Bay - Broome
2009-09-03,12:34,-17.283917,122.110033,HB,1,0,1,Pender Bay - Broome
2009-09-03,12:35,-17.292067,122.107933,HB,1,1,2,Pender Bay - Broome
2009-09-03,13:00,-17.303133,122.105517,HB,1,0,1,Pender Bay - Broome
2009-09-03,13:07,-17.353883,122.10195,HB,1,1,2,Pender Bay - Broome
2009-09-03,13:11,-17.386783,122.104883,HB,1,0,1,Pender Bay - Broome
2009-09-03,13:14,-17.407883,122.106817,HB,1,0,1,Pender Bay - Broome
2009-09-03,13:30,-17.508717,122.107667,HB,1,1,2,Pender Bay - Broome
2009-09-03,14:01,-17.534333,122.103667,HB,1,0,1,Pender Bay - Broome
2009-09-03,14:15,-17.640833,122.132833,HB,2,0,2,Pender Bay - Broome
2009-09-03,14:18,-17.664333,122.101667,HB,1,0,1,Pender Bay - Broome
2009-09-03,14:28,-17.73608,122.141333,HB,1,0,1,Pender Bay - Broome
2009-09-03,14:28,-17.736082,122.101667,HB,2,0,2,Pender Bay - Broome
2009-09-03,15:01,-17.807067,122.147783,HB,1,1,2,Pender Bay - Broome
2009-09-03,15:04,-17.83005,122.149817,HB,1,0,1,Pender Bay - Broome
2009-09-03,15:05,-17.838067,122.150433,HB,1,0,1,Pender Bay - Broome
2009-09-03,15:17,-17.917983,122.157767,HB,1,0,1,Pender Bay - Broome
2010-08-24,10:13,-15.783383,124.360883,HB,2,0,2,
2010-08-24,10:19,-15.795767,124.360667,HB,2,0,2,
2010-08-24,10:19,-15.795767,124.360667,HB,1,1,2,
2010-08-24,10:19,-15.795767,124.360667,HB,3,0,3,
2010-08-24,10:23,-15.808833,124.360567,HB,1,1,2,
2010-08-24,10:24,-15.808833,124.360567,HB,2,0,2,
2010-08-24,10:27,-15.822517,124.3605,HB,1,1,2,
2010-08-24,11:02,-15.857767,124.35995,HB,1,1,2,
2010-08-24,11:05,-15.863883,124.359667,HB,1,1,2,
2010-08-24,11:10,-15.879733,124.358517,HB,1,0,1,
2010-08-24,11:10,-15.879733,124.358517,HB,1,0,1,
2010-08-24,11:26,-15.92165,124.351533,HB,2,0,2,
2010-08-24,11:27,-15.92165,124.351533,HB,1,1,2,
2010-08-24,11:30,-15.926917,124.3502,HB,1,1,2,
2010-08-24,12:05,-15.946383,124.337667,HB,1,1,2,
2010-08-24,12:06,-15.946383,124.337667,HB,2,0,2,
2010-08-24,12:24,-15.978067,124.315683,HB,1,1,2,
2010-08-24,12:25,-15.97965,124.314733,HB,1,1,2,
2010-08-24,12:34,-15.99505,124.303567,HB,1,1,2,
2010-08-26,09:18,-15.963867,124.321733,HB,7,0,7,Just E of Walarjarlin Is 195° T and 4.5kt
2010-08-26,09:22,-15.966183,124.3211,HB,1,1,2,
2010-08-26,09:33,-15.991117,124.315683,HB,1,0,1,
2010-08-26,10:05,-16.004167,124.3125,HB,1,0,1,
2010-08-26,10:15,-16.016683,124.306983,HB,1,1,2,
2010-08-26,10:19,-16.022233,124.306667,HB,1,1,2,
2010-08-26,11:07,-16.03475,124.28475,Unknown,0,0,0,
2010-08-26,11:22,-16.042617,124.26995,Unknown,0,0,0,
2010-08-26,11:28,-16.047017,124.260783,HB,1,0,1,
2010-08-26,11:31,-16.048917,124.257683,HB,2,0,2,
2010-08-26,11:35,-16.051417,124.253233,HB,1,0,1,
2010-08-26,12:03,-16.054317,124.248533,HB,2,1,3,
2010-08-26,12:08,-16.058283,124.242133,HB,1,1,2,
2010-08-26,12:11,-16.061317,124.237283,HB,1,0,1,
2010-08-26,12:17,-16.06505,124.23135,HB,1,1,2,
2010-08-26,12:19,-16.066583,124.2289,HB,1,0,1,
2010-08-26,12:20,-16.068017,-124.226633,HB,1,1,2,
2010-08-26,12:25,-16.071667,-124.220883,HB,2,0,2,
2010-08-26,13:28,-16.1084,124.154367,HB,1,1,2,
2010-08-26,14:03,-16.120267,124.131433,Unknown,0,0,0,
2010-08-26,14:10,-16.128817,124.1152,Unknown,0,0,0,
2010-08-29,13:32,-16.126883,124.04525,Unknown,0,0,0,
2010-08-29,14:03,-16.1287,124.029867,HB,1,1,2,
2010-08-29,14:07,-16.130117,124.021483,HB,1,1,2,
2010-08-29,14:15,-16.132867,124.006517,HB,1,0,1,
2010-08-29,15:02,-16.140467,123.958933,HB,1,1,2,
2010-08-29,15:26,-16.148117,123.900867,HB,1,1,2,
2010-08-29,16:06,-16.152083,123.864383,HB,1,1,2,
2010-08-29,16:20,-16.156567,123.836083,Unknown,0,0,0,
2011-08-15,12:40,-17.890183,122.14925,Unknown,2,0,2,NW
2011-08-15,12:44,-17.872667,122.144083,Unknown,1,0,1,N
2011-08-15,12:55,-17.816167,122.127,Unknown,1,0,1,N
2011-08-15,12:58,-17.799333,122.121833,Unknown,1,0,1,N
2011-08-15,13:07,-17.753833,122.109167,Unknown,1,0,1,W
2011-08-15,13:10,-17.742833,122.107333,Unknown,2,0,2,NW
2011-08-15,13:12,-17.727333,122.102167,Unknown,2,0,1,NW
2011-08-15,13:14,-17.7155,122.0985,Unknown,2,0,2,W
2011-08-15,13:25,-17.669167,122.084167,Unknown,2,0,2,W
2011-08-15,13:36,-17.616833,122.066833,Unknown,1,0,1,NW
2011-08-15,13:39,-17.597333,122.062167,Unknown,1,0,1,W
2011-08-15,13:42,-17.560833,122.0545,Unknown,1,0,1,N
2011-08-15,13:45,-17.555833,122.0535,Unknown,1,0,1,N
2011-08-15,13:52,-17.527667,122.052167,Unknown,2,0,2,SW
2011-08-15,13:55,-17.513833,122.069,Unknown,1,0,1,SE
2011-08-15,14:02,-17.480167,122.056,Unknown,1,0,1,SE
2011-08-15,14:10,-17.439167,122.069,Unknown,2,0,2,N
2011-08-15,14:15,-17.415333,122.076,Unknown,1,0,1,W
2011-08-15,14:21,-17.387833,122.0845,Unknown,1,0,1,WNW
2011-08-15,14:28,-17.361333,122.0925,Unknown,1,0,1,N
2011-08-15,14:31,-17.320667,122.101833,Unknown,1,0,1,W
2011-08-15,14:40,-17.2995,122.107833,Unknown,1,0,1,0
2011-08-15,14:45,-17.274167,122.114333,Unknown,1,0,1,NNW
2011-08-15,14:52,-17.243333,122.122833,Unknown,1,0,1,W
2011-08-15,14:53,-17.236667,122.1245,Unknown,1,0,1,W
2011-08-15,14:58,-17.219833,122.131167,Unknown,2,0,1,W
2011-08-15,15:01,-17.199833,122.136667,Unknown,1,0,1,W
2011-08-15,15:04,-17.184667,122.135667,Unknown,1,0,1,N
2011-08-15,15:10,-17.160333,122.135333,Unknown,1,0,1,W
2011-08-15,15:12,-17.150167,122.135167,Unknown,1,0,1,NW
2011-08-15,15:17,-17.1245,122.1475,Unknown,1,0,1,N
2011-08-15,15:20,-17.116167,122.155,Unknown,2,0,2,W
2011-08-15,15:24,-17.107833,122.1625,Unknown,2,0,2,NE
2011-08-15,15:28,-17.092167,122.176333,Unknown,1,0,1,NW
2011-08-15,15:32,-17.0695,122.19,Unknown,1,0,1,NW
2011-08-15,15:42,-17.035333,122.2075,Unknown,1,0,1,W
2011-08-15,15:47,-17.017,122.218167,Unknown,1,0,1,W
2011-08-15,15:50,-17.0055,122.224833,Unknown,1,0,1,NW
2011-08-15,15:52,-16.9985,122.228833,Unknown,2,0,2,0
2011-08-15,15:55,-16.992167,122.2325,Unknown,1,0,1,NNW
2011-08-15,15:57,-16.981,122.2465,Unknown,2,0,2,W
2011-08-15,16:06,-16.955667,122.281,Unknown,2,0,2,W
2011-08-15,16:14,-16.937333,122.305667,Unknown,4,0,1,0
2011-08-15,16:20,-16.918667,122.329667,Unknown,7,0,2,0
2011-08-15,16:30,-16.897167,122.359333,Unknown,1,0,1,W
2011-08-15,16:35,-16.888167,122.372,Unknown,2,0,2,NW
2011-08-15,16:38,-16.880833,122.383,Unknown,1,0,1,W
2011-08-15,16:45,-16.8615,122.4095,Unknown,2,0,2,W
2011-08-15,16:46,-16.858167,122.414333,Unknown,1,0,1,W
2011-08-15,16:52,-16.84,122.44,Unknown,1,0,1,N
2011-08-15,16:56,-16.829667,122.4525,Unknown,1,0,1,W
2011-08-15,17:13,-16.7805,122.522,Unknown,1,0,1,NE
2011-08-15,17:15,-16.7765,122.545333,Unknown,1,0,1,NNE
2011-08-15,17:16,-16.772667,122.535333,Unknown,1,0,1,W
2011-08-15,17:20,-16.763333,122.547667,Unknown,2,0,1,NE
2011-08-15,17:29,-16.751167,122.601833,Unknown,2,0,1,N
2011-08-16,06:29,-16.728167,122.6505,Unknown,1,0,1,E
2011-08-16,06:31,-16.713833,122.657,Unknown,1,0,1,W
2011-08-16,06:38,-16.685167,122.669833,Unknown,1,0,1,NE
2011-08-16,06:43,-16.6645,122.6795,Unknown,1,0,1,W
2011-08-16,06:47,-16.646667,122.687667,Unknown,1,0,1,N
2011-08-16,06:49,-16.636,122.6925,Unknown,3,0,1,NW
2011-08-16,06:51,-16.628,122.695833,Unknown,1,0,1,NW
2011-08-16,06:54,-16.619667,122.701117,Unknown,3,0,2,W+NW+NW
2011-08-16,06:56,-16.611,122.7065,Unknown,1,0,1,W
2011-08-16,06:59,-16.601,122.7295,Unknown,1,0,1,E
2011-08-16,07:01,-16.592333,122.718833,Unknown,2,0,2,W+NE
2011-08-16,07:04,-16.576833,122.7285,Unknown,1,0,1,E
2011-08-16,07:05,-16.572833,122.731,Unknown,1,0,1,NNE
2011-08-16,07:08,-16.562,122.741167,Unknown,1,0,1,E
2011-08-16,07:17,-16.525333,122.761333,Unknown,1,0,1,NW
2011-08-16,07:19,-16.517333,122.7665,Unknown,1,0,1,N
2011-08-16,07:23,-16.499,122.778,Unknown,1,0,1,E
2011-08-16,07:25,-16.491167,122.783167,Unknown,1,0,1,W
2011-08-16,07:29,-16.476167,122.792167,Unknown,1,0,1,W
2011-08-16,07:31,-16.468333,122.796833,Unknown,1,0,1,N
2011-08-16,07:48,-16.480833,122.8415,Unknown,4,0,3,W
2011-08-16,07:50,-16.39,122.846833,Unknown,1,0,1,NE
2011-08-16,08:21,-16.353333,122.872,Unknown,1,0,1,W
2011-08-16,08:29,-16.3215,122.890333,Unknown,1,0,1,W
2011-08-16,08:35,-16.296833,122.904,Unknown,2,0,1,NE
2011-08-16,08:36,-16.291333,122.907667,Unknown,1,0,1,N
2011-08-16,08:42,-16.265,122.924333,Unknown,1,0,1,E
2011-08-16,08:47,-16.244,122.936,Unknown,1,0,1,W
2011-08-16,08:48,-16.2395,122.9385,Unknown,3,0,2,N+W
2011-08-16,08:54,-16.212833,122.953,Unknown,1,0,1,W
2011-08-16,09:03,-16.176667,122.973333,Unknown,2,0,1,NW
2011-08-16,09:04,-16.170833,122.976167,Unknown,1,0,1,NE
2011-08-16,09:09,-16.152167,122.987167,Unknown,1,0,1,N
2011-08-16,09:15,-16.125,122.9995,Unknown,2,0,1,NW+W
2011-08-16,09:18,-16.110167,122.999517,Unknown,1,0,1,NW
2011-08-16,09:22,-16.094667,122.999533,Unknown,1,0,1,W
2011-08-16,09:30,-16.061283,122.99955,Unknown,1,0,1,NW
2011-08-16,10:26,-15.9585,122.999567,Unknown,1,0,1,W
2011-08-16,10:31,-15.9545,122.999583,Unknown,1,0,1,E
2011-08-16,10:32,-15.953333,122.9996,Unknown,1,0,1,W
2011-08-16,10:36,-15.948883,123.186167,Unknown,1,0,1,S
2011-08-16,10:38,-15.947167,123.1945,Unknown,3,0,1,E
2011-08-16,10:40,-15.945333,123.204667,Unknown,1,0,1,E
2011-08-16,10:43,-15.941333,123.2245,Unknown,2,0,1,ENE +SE
2011-08-16,10:45,-15.938833,123.237167,Unknown,2,0,2,SE+NW
2011-08-16,10:47,-15.938133,123.245833,Unknown,2,0,2,E+SE
2011-08-16,10:51,-15.933667,123.266167,Unknown,1,0,1,SE
2011-08-16,10:52,-15.9485,123.274167,Unknown,2,0,1,NE+N
2011-08-16,10:55,-15.929,123.288167,Unknown,3,0,1,SE+NW
2011-08-16,10:57,-15.9265,123.301,Unknown,2,0,1,N+E
2011-08-16,10:59,-15.924667,123.309167,Unknown,2,0,1,NE+NW
2011-08-16,11:02,-15.920833,123.327333,Unknown,1,0,1,NE
2011-08-16,11:03,-15.919,123.336167,Unknown,2,0,1,NNW+SE
2011-08-16,11:06,-15.917167,123.347833,Unknown,1,0,1,SE
2011-08-16,11:41,-15.916333,123.3445,Unknown,2,0,1,S
2011-08-16,11:42,-15.914,123.348,Unknown,2,0,1,W
2011-08-16,11:47,-15.9,123.4,Unknown,1,0,1,NE
2011-08-16,11:49,-15.8945,123.4135,Unknown,1,0,1,N
2011-08-16,11:52,-15.890167,123.425167,Unknown,2,0,1,E
2011-08-16,11:56,-15.881333,123.4475,Unknown,1,0,1,NE
2011-08-16,12:02,-15.870333,123.472667,Unknown,2,0,1,N
2011-08-16,12:05,-15.864,123.489167,Unknown,1,0,1,N
2011-08-16,12:06,-15.861333,123.496333,Unknown,1,0,1,N
2011-08-16,12:17,-15.839833,123.665333,Unknown,1,0,1,NE
2011-08-16,12:31,-15.814,123.6135,Unknown,1,0,1,N
2011-08-16,13:17,-15.782333,123.705333,Unknown,2,0,1,NNW
2011-08-16,13:22,-15.7735,123.728,Unknown,1,0,1,N
2011-08-16,13:29,-15.7595,123.765333,Unknown,2,0,2,NW+NE
2011-08-16,13:33,-15.751167,123.785333,Unknown,2,0,1,N+NW
2011-08-16,13:36,-15.746833,123.796833,Unknown,1,0,1,E
2011-08-16,13:43,-15.734667,123.829333,Unknown,1,0,1,N
2011-08-16,13:46,-15.729383,123.845,Unknown,1,0,1,NW
2011-08-16,13:49,-15.723833,123.8585,Unknown,1,0,1,E
2011-08-16,14:31,-15.654333,123.935167,Unknown,1,0,1,E
2011-08-16,14:39,-15.6235,123.961667,Unknown,1,0,1,S
2011-08-16,15:12,-15.581833,124.0075,Unknown,1,0,1,N
2011-08-16,15:25,-15.567167,124.0675,Unknown,1,0,1,NE
2011-08-16,15:27,-15.563333,124.082833,Unknown,1,0,1,N
2011-08-16,15:30,-15.561,124.091,Unknown,1,0,1,N
2011-08-16,15:41,-15.546667,124.145833,Unknown,2,0,1,NW+E
2011-08-16,15:46,-15.539667,124.173667,Unknown,1,0,1,0
2011-08-16,15:48,-15.523167,124.180167,Unknown,1,0,1,NE
2011-08-16,16:29,-15.5215,124.247333,Unknown,1,0,1,N
2011-08-16,16:31,-15.521167,124.24,Unknown,1,0,1,NE
2011-08-16,16:33,-15.520833,124.266667,Unknown,1,0,1,N
2011-08-16,16:34,-15.5205,124.272167,Unknown,1,0,1,NE
2011-08-16,16:37,-15.520167,124.288667,Unknown,1,0,1,NW
2011-08-16,16:43,-15.519,124.318,Unknown,1,0,1,N
2011-08-16,16:48,-15.517667,124.343833,Unknown,1,0,1,SE
2011-08-16,16:54,-15.516667,124.372167,Unknown,2,0,2,NE+SE
2011-08-16,17:02,-15.516833,124.4155,Unknown,1,0,1,NE
2011-08-18,08:25,-15.512333,124.456333,Unknown,1,0,1,W
2011-08-18,08:26,-15.514,124.450167,Unknown,1,0,1,NNW
2011-08-18,08:30,-15.509833,124.437,Unknown,1,0,1,NNW
2011-08-18,08:32,-15.507333,124.430333,Unknown,1,0,1,NNW
2011-08-18,08:34,-15.505,124.424,Unknown,1,0,1,NW
2011-08-18,08:37,-15.501667,124.413833,Unknown,2,0,1,NW+N
2011-08-18,08:39,-15.499333,124.407,Unknown,1,0,1,N
2011-08-18,08:44,-15.494667,124.393833,Unknown,1,0,1,NE
2011-08-18,09:07,-15.497833,124.3715,Unknown,1,0,1,S
2011-08-18,09:11,-15.5,124.3565,Unknown,1,0,1,N
2011-08-18,09:14,-15.501167,124.348,Unknown,1,0,1,N
2011-08-18,09:17,-15.502833,124.335833,Unknown,1,0,1,NE
2011-08-18,09:20,-15.504,124.327,Unknown,1,0,1,N
2011-08-18,09:21,-15.504833,124.3225,Unknown,1,0,1,NNE
2011-08-18,09:23,-15.505667,124.316667,Unknown,1,0,1,N
2011-08-18,09:24,-15.506333,124.312333,Unknown,1,0,1,NW
2011-08-18,09:27,-15.507667,124.302833,Unknown,1,0,1,S
2011-08-18,09:29,-15.508333,124.298,Unknown,1,0,1,N
2011-08-18,09:30,-15.509167,124.2925,Unknown,1,0,1,NNE
2011-08-18,09:32,-15.51,124.286833,Unknown,2,0,2,S+NW
2011-08-18,09:35,-15.511167,124.279167,Unknown,1,0,1,W
2011-08-18,09:36,-15.511833,124.261833,Unknown,1,0,1,SW
2011-08-18,09:44,-15.515667,124.247667,Unknown,1,0,1,N
2011-08-18,09:46,-15.516833,124.2395,Unknown,1,0,1,SE
2011-08-18,09:49,-15.518,124.231167,Unknown,1,0,1,W
2011-08-18,10:28,-15.506667,124.193,Unknown,2,0,1,NE
2011-08-18,10:30,-15.501333,124.1905,Unknown,2,0,2,NNE
2011-08-18,10:34,-15.491,124.1865,Unknown,2,0,2,E
2011-08-18,10:37,-15.484,124.1835,Unknown,1,0,1,N
2011-08-18,10:41,-15.472667,124.179167,Unknown,1,0,1,NE
2011-08-18,10:47,-15.455167,124.172,Unknown,1,0,1,NNE
2011-08-18,10:48,-15.450833,124.170167,Unknown,1,0,1,NNW
2011-08-18,10:52,-15.4415,124.1665,Unknown,1,0,1,NE
2011-08-18,10:57,-15.426833,124.161,Unknown,2,0,2,NNE
2011-08-18,11:02,-15.413333,124.155833,Unknown,1,0,1,W
2011-08-18,11:58,-15.330833,124.143833,Unknown,1,0,1,NNE
2011-08-18,12:56,-15.228333,124.3175,Unknown,1,0,1,E
2011-08-18,13:25,-15.224833,124.3355,Unknown,1,0,1,E
2011-08-18,13:38,-15.2725,124.320333,Unknown,1,0,1,W
2011-08-18,13:42,-15.285667,124.316,Unknown,1,0,1,NW
2011-08-18,14:16,-15.38,124.301667,Unknown,1,0,1,SE
2011-08-18,14:20,-15.384167,124.313,Unknown,1,0,1,SE
2011-08-18,14:22,-15.386,124.319167,Unknown,1,0,1,S
2011-08-18,14:26,-15.390667,124.332833,Unknown,1,0,1,SW
2011-08-18,14:54,-15.403167,124.3575,Unknown,1,0,1,SE
2011-08-18,15:04,-15.4185,124.389167,Unknown,1,0,1,S
2011-08-18,15:08,-15.4185,124.402167,Unknown,1,0,1,S
2011-08-18,15:14,-15.423833,124.421333,Unknown,1,0,1,E
2011-08-18,15:15,-15.4345,124.425667,Unknown,1,0,1,NE
2011-08-18,15:47,-15.457167,124.457167,Unknown,1,0,1,S
2011-08-19,09:12,-15.5125,124.384333,Unknown,1,0,1,SW
2011-08-19,09:14,-15.52,124.381667,Unknown,1,0,1,W
2011-08-19,09:30,-15.574,124.365,Unknown,2,0,1,S
2011-08-19,09:35,-15.591933,124.364667,Unknown,1,0,1,SW
2011-08-19,09:41,-15.606833,124.3755,Unknown,1,0,1,SW
2011-08-19,12:06,-15.694667,124.340667,Unknown,2,0,1,E
2011-08-19,12:10,-15.708833,124.345,Unknown,2,0,1,S+SW
2011-08-19,12:15,-15.729667,124.351833,Unknown,1,0,1,SW
2011-08-19,12:24,-15.761,124.363167,Unknown,1,0,1,E
2011-08-19,12:28,-15.77735,124.3685,Unknown,1,0,1,W
2011-08-19,13:32,-15.8175,124.383167,Unknown,1,0,1,W
2011-08-19,13:35,-15.8275,124.378667,Unknown,1,0,1,NW
2011-08-19,13:42,-15.852167,124.369833,Unknown,1,0,1,SW
2011-08-19,13:48,-15.8745,124.3655,Unknown,1,0,1,S
2011-08-19,13:57,-15.906333,124.371167,Unknown,1,0,1,W
2011-08-19,14:00,-15.377833,124.377833,Unknown,1,0,1,S
2011-08-20,09:17,-16.10885,124.23425,Unknown,1,0,1,W
2011-08-20,09:37,-16.143083,124.172133,Unknown,1,0,1,N
2011-08-20,11:14,-16.13195,123.965767,Unknown,1,0,1,N
2011-08-20,11:49,-16.16635,123.862117,Unknown,1,0,1,
2011-08-21,09:13,-16.122833,123.883333,Unknown,1,0,1,NNW
2011-08-21,09:14,-16.116667,123.886333,Unknown,1,0,1,NW
2011-08-21,09:21,-16.095333,123.896,Unknown,1,0,1,NW
2011-08-21,09:52,-16.0045,123.938333,Unknown,1,0,1,NW
2011-08-21,09:55,-15.997167,123.941167,Unknown,1,0,1,N
2011-08-21,10:05,-15.9675,123.955167,Unknown,1,0,1,NW
2011-08-21,10:39,-15.869167,124.011333,Unknown,1,0,1,E
2011-08-21,10:42,-15.860167,124.0175,Unknown,1,0,1,NE
2011-08-21,10:55,-15.826,124.041,Unknown,1,0,1,N
2011-08-21,10:57,-15.821,124.0445,Unknown,1,0,1,NW
2011-08-21,10:59,-15.817667,124.049,Unknown,1,0,1,NE
2011-08-21,11:02,-15.729,124.055667,Unknown,2,0,1,NW+W
2011-08-21,11:23,-15.813833,124.104333,Unknown,1,0,1,E
2011-08-21,11:28,-15.817667,124.12,Unknown,1,0,1,NE
2011-08-21,11:45,-15.811167,124.1435,Unknown,1,0,1,N
2011-08-21,11:46,-15.809667,124.145667,Unknown,2,0,1,SE+E
2011-08-21,11:47,-15.807333,124.148833,Unknown,2,0,1,NW+E
2011-08-21,11:48,-15.804167,124.152833,Unknown,2,0,2,N
2011-08-21,11:50,-15.800833,124.157,Unknown,1,0,1,NW
2011-08-21,11:52,-15.7965,124.162833,Unknown,1,0,1,N
2011-08-21,11:57,-15.787,124.176333,Unknown,1,0,1,NW
2011-08-21,11:59,-15.782,124.1835,Unknown,1,0,1,N
2011-08-21,12:01,-15.779333,124.187333,Unknown,2,0,1,SE
2011-08-21,12:07,-15.766833,124.204667,Unknown,1,0,1,WNW
2011-08-21,12:41,-15.6995,124.297,Unknown,0,0,0,0
2011-08-21,16:02,-15.710833,124.3905,Unknown,0,0,0,0
2011-08-21,16:06,-15.701333,124.379167,Unknown,1,0,1,W
2011-08-21,16:11,-15.687667,124.3675,Unknown,1,0,1,NW
2011-08-21,16:20,-15.654,124.363667,Unknown,1,0,1,NW
2011-08-21,16:21,-15.648667,124.364167,Unknown,1,0,1,NW
2011-08-21,16:26,-15.6305,124.365833,Unknown,1,0,1,NW
2011-08-21,16:46,-15.600833,124.375667,Unknown,1,0,1,W
2011-08-21,16:49,-15.5915,124.380667,Unknown,1,0,1,W
2011-08-21,16:50,-15.589333,124.382,Unknown,2,0,1,N
2011-08-21,16:51,-15.584333,124.385333,Unknown,1,0,1,W
2011-08-21,16:53,-15.5785,124.389,Unknown,1,0,1,NW
2011-08-21,16:55,-15.571333,124.393333,Unknown,1,0,1,NW
2011-08-21,17:00,-15.5565,124.402,Unknown,1,0,1,N
2011-08-21,17:02,-15.550333,124.4045,Unknown,1,0,1,W
2011-08-21,17:05,-15.540333,124.407833,Unknown,1,0,1,N
2011-08-21,17:06,-15.538,124.4105,Unknown,1,0,1,N
2011-08-22,10:21,-15.4959,124.382,Unknown,2,0,2,S
2011-08-22,10:24,-15.497667,124.370667,Unknown,2,0,2,SE
2011-08-22,10:26,-15.4985,124.366667,Unknown,1,0,1,NW
2011-08-22,11:05,-15.5215,124.227,Unknown,1,0,1,SE
2011-08-22,11:09,-15.5235,124.214167,Unknown,1,0,1,NW
2011-08-22,11:11,-15.524667,124.206167,Unknown,1,0,1,W
2011-08-22,11:42,-15.490333,124.183517,Unknown,2,0,2,E
2011-08-22,11:55,-15.451467,124.16825,Unknown,2,0,2,E
2011-08-22,11:57,-15.443,124.164833,Unknown,1,0,1,E
2011-08-22,11:59,-15.436167,124.1625,Unknown,1,0,1,NE
2011-08-22,12:12,-15.398833,124.148,Unknown,1,0,1,E
2011-08-22,12:17,-15.384,124.142167,Unknown,1,0,1,NNW
2011-08-22,12:18,-15.379667,124.1405,Unknown,1,0,1,NW
2011-08-22,12:20,-15.374833,124.1385,Unknown,1,0,1,SE
2011-08-22,12:30,-15.343833,124.1265,Unknown,1,0,1,ESE
2011-08-22,13:55,-15.239667,124.2975,Unknown,1,0,1,NE
2011-08-22,15:01,-15.333833,124.302667,Unknown,1,0,1,W
2011-08-22,15:12,-15.3686,124.28355,Unknown,1,0,1,SSE
2011-08-22,15:23,-15.383167,124.31695,Unknown,1,0,1,SE
2011-08-22,16:13,-15.421133,124.39715,Unknown,1,0,1,NE
2011-08-22,16:16,-15.424567,124.404983,Unknown,1,0,1,S
2011-08-22,16:20,-15.431333,124.4205,Unknown,1,0,1,E
2011-08-22,16:24,-15.437,124.433667,Unknown,1,0,1,SSE
2011-08-23,06:47,-15.525833,124.43,Unknown,1,0,1,NW
2011-08-23,06:49,-15.516333,124.422667,Unknown,1,0,1,N
2011-08-23,06:55,-15.495167,124.3955,Unknown,2,0,1,W+S
2011-08-23,06:57,-15.4935,124.391833,Unknown,1,0,1,SW
2011-08-23,07:14,-15.493833,124.378833,Unknown,1,0,1,SE
2011-08-23,07:16,-15.4955,124.369667,Unknown,1,0,1,SW
2011-08-23,07:18,-15.4965,124.364833,Unknown,1,0,1,S
2011-08-23,07:22,-15.499167,124.35,Unknown,1,0,1,N
2011-08-23,07:24,-15.500667,124.343,Unknown,1,0,1,SW
2011-08-23,07:32,-15.506167,124.313333,Unknown,1,0,1,N
2011-08-23,07:50,-15.526333,124.216667,Unknown,1,0,1,SW
2011-08-23,08:26,-15.538167,124.148667,Unknown,1,0,1,SSE
2011-08-23,08:36,-15.555333,124.096,Unknown,3,0,1,W+WSW
2011-08-23,08:50,-15.577,124.0335,Unknown,1,0,1,S
2011-08-23,08:54,-15.582,124.024667,Unknown,1,0,1,SE
2011-08-23,09:21,-15.619333,124.015167,Unknown,4,0,1,SW
2011-08-23,09:27,-15.638333,123.959667,Unknown,5,0,2,S
2011-08-23,09:33,-15.662333,123.9435,Unknown,2,0,1,NW
2011-08-23,09:36,-15.673333,123.924667,Unknown,1,0,1,N
2011-08-23,09:37,-15.677167,123.914833,Unknown,1,0,1,SSE
2011-08-23,09:40,-15.6875,123.911,Unknown,1,0,1,S
2011-08-23,09:42,-15.696833,123.696833,Unknown,2,0,2,SW
2011-08-23,09:43,-15.702,123.891167,Unknown,1,0,1,S
2011-08-23,10:09,-15.730767,123.835833,Unknown,1,0,1,SW
2011-08-23,10:27,-15.7655,123.747333,Unknown,2,0,2,W
2011-08-23,10:29,-15.768,123.7415,Unknown,2,0,2,NW
2011-08-23,10:40,-15.785667,123.695167,Unknown,1,0,1,SE
2011-08-23,11:40,-15.86505,123.5,Unknown,1,0,1,SW
2011-08-23,11:46,-15.877667,123.4705,Unknown,1,0,1,SW
2011-08-23,11:53,-15.889333,123.4495,Unknown,1,0,1,NW
2011-08-23,11:59,-15.8995,123.4225,Unknown,1,0,1,SW
